<form>
<view>
<name>kaustubh_json_trainig_form</name>
<caption><![CDATA[Kaustubh Json Trainig form]]></caption>
<row>
<numberField>
<name>no_of_alive_family_members</name>
<udn>no_of_alive_family_members</udn>
<caption><![CDATA[No. of Alive Family Members]]></caption>
<phi>false</phi>
<mandatory>false</mandatory>
<showLabel>true</showLabel>
<showInGrid>false</showInGrid>
<hidden>false</hidden>
<width>0</width>
<defaultValue><![CDATA[]]></defaultValue>
<noOfDigits>19</noOfDigits>
</numberField>
</row>
<row>
<listBox>
<name>alive_family_members</name>
<udn>alive_family_members</udn>
<caption><![CDATA[Alive Family Members]]></caption>
<phi>false</phi>
<mandatory>false</mandatory>
<showLabel>true</showLabel>
<showInGrid>false</showInGrid>
<hidden>false</hidden>
<options>
<option>
<value><![CDATA[Grandfather]]></value>
</option>
<option>
<value><![CDATA[Grandmother]]></value>
</option>
<option>
<value><![CDATA[Childrens]]></value>
</option>
<option>
<value><![CDATA[Brother and Sister]]></value>
</option>
</options>
<autoCompleteDropdown>false</autoCompleteDropdown>
<noOfRows>0</noOfRows>
<minQueryChars>3</minQueryChars>
<multiSelect>true</multiSelect>
</listBox>
</row>
<row>
<radioButton>
<name>children</name>
<udn>children</udn>
<caption><![CDATA[Children]]></caption>
<phi>false</phi>
<mandatory>false</mandatory>
<showLabel>true</showLabel>
<showInGrid>false</showInGrid>
<hidden>false</hidden>
<options>
<option>
<value><![CDATA[Boy]]></value>
</option>
<option>
<value><![CDATA[Girl]]></value>
</option>
</options>
<optionsPerRow>2</optionsPerRow>
</radioButton>
</row>
<row>
<radioButton>
<name>cousine_type</name>
<udn>cousine_type</udn>
<caption><![CDATA[Cousine Type]]></caption>
<phi>false</phi>
<mandatory>false</mandatory>
<showLabel>true</showLabel>
<showInGrid>false</showInGrid>
<hidden>false</hidden>
<options>
<option>
<value><![CDATA[Brother]]></value>
</option>
<option>
<value><![CDATA[Sister]]></value>
</option>
</options>
<optionsPerRow>2</optionsPerRow>
</radioButton>
</row>
<row>
<userField>
<name>entered_data_by</name>
<udn>entered_data_by</udn>
<caption><![CDATA[Verified Data By]]></caption>
<phi>false</phi>
<mandatory>false</mandatory>
<showLabel>true</showLabel>
<showInGrid>false</showInGrid>
<hidden>false</hidden>
</userField>
</row>
<row>
<fileUpload>
<name>family_photo</name>
<udn>family_photo</udn>
<caption><![CDATA[Family Photo]]></caption>
<phi>false</phi>
<mandatory>false</mandatory>
<showLabel>true</showLabel>
<showInGrid>false</showInGrid>
<hidden>false</hidden>
</fileUpload>
</row>
<row>
<numberField>
<name>duration_to_freeze</name>
<udn>duration_to_freeze</udn>
<caption><![CDATA[Duration to Freeze]]></caption>
<phi>false</phi>
<mandatory>false</mandatory>
<showLabel>true</showLabel>
<showInGrid>false</showInGrid>
<hidden>false</hidden>
<width>0</width>
<defaultValue><![CDATA[]]></defaultValue>
<noOfDigits>19</noOfDigits>
</numberField>
</row>
<row>
<numberField>
<name>age_at_visit_time</name>
<udn>age_at_visit_time</udn>
<caption><![CDATA[Age at visit time]]></caption>
<phi>false</phi>
<mandatory>false</mandatory>
<showLabel>true</showLabel>
<showInGrid>false</showInGrid>
<hidden>false</hidden>
<width>0</width>
<defaultValue><![CDATA[]]></defaultValue>
<noOfDigits>19</noOfDigits>
</numberField>
</row>
<row>
<numberField>
<name>age_at_specimen_creation_time</name>
<udn>age_at_specimen_creation_time</udn>
<caption><![CDATA[Age at Specimen Creation Time]]></caption>
<phi>false</phi>
<mandatory>false</mandatory>
<showLabel>true</showLabel>
<showInGrid>false</showInGrid>
<hidden>false</hidden>
<width>0</width>
<defaultValue><![CDATA[]]></defaultValue>
<noOfDigits>19</noOfDigits>
</numberField>
</row>
</view>
<deletedFields>
<field udn="brother_and_sister"/>
<field udn="child_type"/>
</deletedFields>
<skipRules>
</skipRules>
</form>
